Workbook

Sheet template
B2: Пара | C2: Предмет | D2: Тип | E2: Аудитория | F2: Преподаватель | G2: Начало | H2: Конец
A3: =info!B2 -> Понедельник | B3: 1 | G3: =info!G2 -> 0.39583333 | H3: =info!H2 -> 0.46527778
B4: 2 | G4: =info!G3 -> 0.47916667 | H4: =info!H3 -> 0.54861111
B5: 3 | G5: =info!G4 -> 0.58333333 | H5: =info!H4 -> 0.65277778
B6: 4 | G6: =info!G5 -> 0.66666667 | H6: =info!H5 -> 0.73611111
B7: 5 | G7: =info!G6 -> 0.75 | H7: =info!H6 -> 0.81944444
A8: =info!B3 -> Вторник | B8: 1 | G8: =info!G2 -> 0.39583333 | H8: =info!H2 -> 0.46527778
B9: 2 | G9: =info!G3 -> 0.47916667 | H9: =info!H3 -> 0.54861111
B10: 3 | G10: =info!G4 -> 0.58333333 | H10: =info!H4 -> 0.65277778
B11: 4 | G11: =info!G5 -> 0.66666667 | H11: =info!H5 -> 0.73611111
B12: 5 | G12: =info!G6 -> 0.75 | H12: =info!H6 -> 0.81944444
A13: =info!B4 -> Среда | B13: 1 | G13: =info!G2 -> 0.39583333 | H13: =info!H2 -> 0.46527778
B14: 2 | G14: =info!G3 -> 0.47916667 | H14: =info!H3 -> 0.54861111
B15: 3 | G15: =info!G4 -> 0.58333333 | H15: =info!H4 -> 0.65277778
B16: 4 | G16: =info!G5 -> 0.66666667 | H16: =info!H5 -> 0.73611111
B17: 5 | G17: =info!G6 -> 0.75 | H17: =info!H6 -> 0.81944444
A18: =info!B5 -> Четверг | B18: 1 | G18: =info!G2 -> 0.39583333 | H18: =info!H2 -> 0.46527778
B19: 2 | G19: =info!G3 -> 0.47916667 | H19: =info!H3 -> 0.54861111
B20: 3 | G20: =info!G4 -> 0.58333333 | H20: =info!H4 -> 0.65277778
B21: 4 | G21: =info!G5 -> 0.66666667 | H21: =info!H5 -> 0.73611111
B22: 5 | G22: =info!G6 -> 0.75 | H22: =info!H6 -> 0.81944444
A23: =info!B6 -> Пятница | B23: 1 | G23: =info!G2 -> 0.39583333 | H23: =info!H2 -> 0.46527778
B24: 2 | G24: =info!G3 -> 0.47916667 | H24: =info!H3 -> 0.54861111
B25: 3 | G25: =info!G4 -> 0.58333333 | H25: =info!H4 -> 0.65277778
B26: 4 | G26: =info!G5 -> 0.66666667 | H26: =info!H5 -> 0.73611111
B27: 5 | G27: =info!G6 -> 0.75 | H27: =info!H6 -> 0.81944444

Sheet info
A1: неделя | B1: день_недели | C1: предмет | D1: тип | E1: аудитория | F1: преподователь | G1: время начала | H1: время конца
A2: Чётная неделя (?) | B2: Понедельник | C2: Введение в химическую технологию и основы научных исследований | D2: Лекц. | E2: Каф. ин.яз. | F2: Захарова Н. В. | G2: 0.39583333 | H2: 0.46527778
A3: Нечётная неделя (?) | B3: Вторник | C3: Философия | D3: Лаб. | E3: Каф. физвоспит. | F3: Быданов В.Е. | G3: 0.47916667 | H3: 0.54861111
B4: Среда | C4: Иностранный яз. | D4: Практ. | E4: 7-413 | F4: Неопределен | G4: 0.58333333 | H4: 0.65277778
B5: Четверг | C5: Основы экономики и менеджмента | E5: БХА | F5: Винник Т.В. | G5: 0.66666667 | H5: 0.73611111
B6: Пятница | C6: Органическая химия | E6: 206 | F6: Шукаева А.В. | G6: 0.75 | H6: 0.81944444
C7: Математика | E7: 7-119 | F7: Питерская Ю.Л.
C8: Электротехника и промышленная электроника | E8: 7-212 | F8: Хотунцова С.В.
C9: Материаловедение | E9: 7-322 | F9: Козляева Е.В.
C10: Социология и психология | E10: Каф. САиИТ | F10: Тарасова Н.А.
E11: 201 | F11: Сычев М.М.
E12: 254 | F12: Барышникова Е.И.
E13: БФА | F13: Иванова П.О.
E14: Каф. инж. проект.
E15: 7-320
E16: 7-317
E17: Каф. физики
E18: Ауд.физики №2

Sheet template-odd
A1: =info!A3 -> Нечётная неделя (?)
B2: Пара | C2: Предмет | D2: Тип | E2: Аудитория | F2: Преподаватель | G2: Начало | H2: Конец
A3: =info!B2 -> Понедельник | B3: 1 | G3: =info!G2 -> 0.39583333 | H3: =info!H2 -> 0.46527778
B4: 2 | G4: =info!G3 -> 0.47916667 | H4: =info!H3 -> 0.54861111
B5: 3 | G5: =info!G4 -> 0.58333333 | H5: =info!H4 -> 0.65277778
B6: 4 | G6: =info!G5 -> 0.66666667 | H6: =info!H5 -> 0.73611111
B7: 5 | G7: =info!G6 -> 0.75 | H7: =info!H6 -> 0.81944444
A8: =info!B3 -> Вторник | B8: 1 | G8: =info!G2 -> 0.39583333 | H8: =info!H2 -> 0.46527778
B9: 2 | G9: =info!G3 -> 0.47916667 | H9: =info!H3 -> 0.54861111
B10: 3 | G10: =info!G4 -> 0.58333333 | H10: =info!H4 -> 0.65277778
B11: 4 | G11: =info!G5 -> 0.66666667 | H11: =info!H5 -> 0.73611111
B12: 5 | G12: =info!G6 -> 0.75 | H12: =info!H6 -> 0.81944444
A13: =info!B4 -> Среда | B13: 1 | G13: =info!G2 -> 0.39583333 | H13: =info!H2 -> 0.46527778
B14: 2 | G14: =info!G3 -> 0.47916667 | H14: =info!H3 -> 0.54861111
B15: 3 | G15: =info!G4 -> 0.58333333 | H15: =info!H4 -> 0.65277778
B16: 4 | G16: =info!G5 -> 0.66666667 | H16: =info!H5 -> 0.73611111
B17: 5 | G17: =info!G6 -> 0.75 | H17: =info!H6 -> 0.81944444
A18: =info!B5 -> Четверг | B18: 1 | G18: =info!G2 -> 0.39583333 | H18: =info!H2 -> 0.46527778
B19: 2 | G19: =info!G3 -> 0.47916667 | H19: =info!H3 -> 0.54861111
B20: 3 | G20: =info!G4 -> 0.58333333 | H20: =info!H4 -> 0.65277778
B21: 4 | G21: =info!G5 -> 0.66666667 | H21: =info!H5 -> 0.73611111
B22: 5 | G22: =info!G6 -> 0.75 | H22: =info!H6 -> 0.81944444
A23: =info!B6 -> Пятница | B23: 1 | G23: =info!G2 -> 0.39583333 | H23: =info!H2 -> 0.46527778
B24: 2 | G24: =info!G3 -> 0.47916667 | H24: =info!H3 -> 0.54861111
B25: 3 | G25: =info!G4 -> 0.58333333 | H25: =info!H4 -> 0.65277778
B26: 4 | G26: =info!G5 -> 0.66666667 | H26: =info!H5 -> 0.73611111
B27: 5 | G27: =info!G6 -> 0.75 | H27: =info!H6 -> 0.81944444

Sheet template-even
A1: =info!A2 -> Чётная неделя (?)
B2: Пара | C2: Предмет | D2: Тип | E2: Аудитория | F2: Преподаватель | G2: Начало | H2: Конец
A3: =info!B2 -> Понедельник | B3: 1 | G3: =info!G2 -> 0.39583333 | H3: =info!H2 -> 0.46527778
B4: 2 | G4: =info!G3 -> 0.47916667 | H4: =info!H3 -> 0.54861111
B5: 3 | G5: =info!G4 -> 0.58333333 | H5: =info!H4 -> 0.65277778
B6: 4 | G6: =info!G5 -> 0.66666667 | H6: =info!H5 -> 0.73611111
B7: 5 | G7: =info!G6 -> 0.75 | H7: =info!H6 -> 0.81944444
A8: =info!B3 -> Вторник | B8: 1 | G8: =info!G2 -> 0.39583333 | H8: =info!H2 -> 0.46527778
B9: 2 | G9: =info!G3 -> 0.47916667 | H9: =info!H3 -> 0.54861111
B10: 3 | G10: =info!G4 -> 0.58333333 | H10: =info!H4 -> 0.65277778
B11: 4 | G11: =info!G5 -> 0.66666667 | H11: =info!H5 -> 0.73611111
B12: 5 | G12: =info!G6 -> 0.75 | H12: =info!H6 -> 0.81944444
A13: =info!B4 -> Среда | B13: 1 | G13: =info!G2 -> 0.39583333 | H13: =info!H2 -> 0.46527778
B14: 2 | G14: =info!G3 -> 0.47916667 | H14: =info!H3 -> 0.54861111
B15: 3 | G15: =info!G4 -> 0.58333333 | H15: =info!H4 -> 0.65277778
B16: 4 | G16: =info!G5 -> 0.66666667 | H16: =info!H5 -> 0.73611111
B17: 5 | G17: =info!G6 -> 0.75 | H17: =info!H6 -> 0.81944444
A18: =info!B5 -> Четверг | B18: 1 | G18: =info!G2 -> 0.39583333 | H18: =info!H2 -> 0.46527778
B19: 2 | G19: =info!G3 -> 0.47916667 | H19: =info!H3 -> 0.54861111
B20: 3 | G20: =info!G4 -> 0.58333333 | H20: =info!H4 -> 0.65277778
B21: 4 | G21: =info!G5 -> 0.66666667 | H21: =info!H5 -> 0.73611111
B22: 5 | G22: =info!G6 -> 0.75 | H22: =info!H6 -> 0.81944444
A23: =info!B6 -> Пятница | B23: 1 | G23: =info!G2 -> 0.39583333 | H23: =info!H2 -> 0.46527778
B24: 2 | G24: =info!G3 -> 0.47916667 | H24: =info!H3 -> 0.54861111
B25: 3 | G25: =info!G4 -> 0.58333333 | H25: =info!H4 -> 0.65277778
B26: 4 | G26: =info!G5 -> 0.66666667 | H26: =info!H5 -> 0.73611111
B27: 5 | G27: =info!G6 -> 0.75 | H27: =info!H6 -> 0.81944444
