Workbook

Sheet template
B2: Пара | C2: Предмет | D2: Тип | E2: Аудитория | F2: Преподаватель | G2: Начало | H2: Конец
A3: =info!B2 -> Понедельник | B3: 1 | G3: =info!G2 -> 0.39583333 | H3: =info!H2 -> 0.46527778
B4: 2 | G4: =info!G3 -> 0.47916667 | H4: =info!H3 -> 0.54861111
B5: 3 | G5: =info!G4 -> 0.58333333 | H5: =info!H4 -> 0.65277778
B6: 4 | G6: =info!G5 -> 0.66666667 | H6: =info!H5 -> 0.73611111
B7: 5 | G7: =info!G6 -> 0.75 | H7: =info!H6 -> 0.81944444
A8: =info!B3 -> Вторник | B8: 1 | G8: =info!G2 -> 0.39583333 | H8: =info!H2 -> 0.46527778
B9: 2 | G9: =info!G3 -> 0.47916667 | H9: =info!H3 -> 0.54861111
B10: 3 | G10: =info!G4 -> 0.58333333 | H10: =info!H4 -> 0.65277778
B11: 4 | G11: =info!G5 -> 0.66666667 | H11: =info!H5 -> 0.73611111
B12: 5 | G12: =info!G6 -> 0.75 | H12: =info!H6 -> 0.81944444
A13: =info!B4 -> Среда | B13: 1 | G13: =info!G2 -> 0.39583333 | H13: =info!H2 -> 0.46527778
B14: 2 | G14: =info!G3 -> 0.47916667 | H14: =info!H3 -> 0.54861111
B15: 3 | G15: =info!G4 -> 0.58333333 | H15: =info!H4 -> 0.65277778
B16: 4 | G16: =info!G5 -> 0.66666667 | H16: =info!H5 -> 0.73611111
B17: 5 | G17: =info!G6 -> 0.75 | H17: =info!H6 -> 0.81944444
A18: =info!B5 -> Четверг | B18: 1 | G18: =info!G2 -> 0.39583333 | H18: =info!H2 -> 0.46527778
B19: 2 | G19: =info!G3 -> 0.47916667 | H19: =info!H3 -> 0.54861111
B20: 3 | G20: =info!G4 -> 0.58333333 | H20: =info!H4 -> 0.65277778
B21: 4 | G21: =info!G5 -> 0.66666667 | H21: =info!H5 -> 0.73611111
B22: 5 | G22: =info!G6 -> 0.75 | H22: =info!H6 -> 0.81944444
A23: =info!B6 -> Пятница | B23: 1 | G23: =info!G2 -> 0.39583333 | H23: =info!H2 -> 0.46527778
B24: 2 | G24: =info!G3 -> 0.47916667 | H24: =info!H3 -> 0.54861111
B25: 3 | G25: =info!G4 -> 0.58333333 | H25: =info!H4 -> 0.65277778
B26: 4 | G26: =info!G5 -> 0.66666667 | H26: =info!H5 -> 0.73611111
B27: 5 | G27: =info!G6 -> 0.75 | H27: =info!H6 -> 0.81944444

Sheet info
A1: неделя | B1: день_недели | C1: предмет | D1: тип | E1: аудитория | F1: преподователь | G1: время начала | H1: время конца
A2: Нечётная неделя | B2: Понедельник | C2: Введение в химическую технологию и основы научных исследований | D2: Лекц. | E2: Каф. ин.яз. | F2: Захарова Н. В. | G2: 0.39583333 | H2: 0.46527778
A3: Чётная неделя | B3: Вторник | C3: Философия | D3: Лаб. | E3: Каф. физвоспит. | F3: Быданов В.Е. | G3: 0.47916667 | H3: 0.54861111
B4: Среда | C4: Иностранный язык | D4: Практ. | E4: 7-413 | F4: Неопределен | G4: 0.58333333 | H4: 0.65277778
B5: Четверг | C5: Основы экономики и менеджмента | E5: БХА | F5: Винник Т.В. | G5: 0.66666667 | H5: 0.73611111
B6: Пятница | C6: Органическая химия | F6: Шукаева А.В. | G6: 0.75 | H6: 0.81944444
C7: Математика | F7: Питерская Ю.Л.
C8: Электротехника и промышленная электроника | F8: Хотунцова С.В.
C9: Материаловедение | F9: Козляева Е.В.
C10: Социология и психология | F10: Тарасова Н.А.
C11: Физическая подготовка | F11: Сычев М.М.
C12: Прикладная механика | F12: Барышникова Е.И.
F13: Иванова П.О.
F14: Галуза Л.Н.
F15: Васина О.В.
F16: Зеленина Е.В.
F17: Погребная Л.И.
E19: Каф.
E20: 357
E21: 7-326
E22: 215
E23: 7-401
E24: 413
E25: БХА
E26: 211
E27: 7-325
E28: 7-118
E29: 7-320
E30: 7-413
E31: 201
E32: 301
E33: 319
E34: 306

Sheet template-even
A1: =info!A3 -> Чётная неделя
B2: Пара | C2: Предмет | D2: Тип | E2: Аудитория | F2: Преподаватель | G2: Начало | H2: Конец
A3: =info!B2 -> Понедельник | B3: 1 | G3: =info!G2 -> 0.39583333 | H3: =info!H2 -> 0.46527778
B4: 2 | C4: =info!C2 -> Введение в химическую технологию и основы научных исследований | D4: =info!D4 -> Практ. | E4: =info!E19 -> Каф. | F4: =info!F2 -> Захарова Н. В. | G4: =info!G3 -> 0.47916667 | H4: =info!H3 -> 0.54861111
B5: 3 | C5: =info!C3 -> Философия | D5: =info!D4 -> Практ. | E5: =info!E20 -> 357 | F5: =info!F3 -> Быданов В.Е. | G5: =info!G4 -> 0.58333333 | H5: =info!H4 -> 0.65277778
B6: 4 | G6: =info!G5 -> 0.66666667 | H6: =info!H5 -> 0.73611111
B7: 5 | G7: =info!G6 -> 0.75 | H7: =info!H6 -> 0.81944444
A8: =info!B3 -> Вторник | B8: 1 | G8: =info!G2 -> 0.39583333 | H8: =info!H2 -> 0.46527778
B9: 2 | C9: =info!C5 -> Основы экономики и менеджмента | D9: =info!D4 -> Практ. | E9: =info!E21 -> 7-326 | F9: =info!F6 -> Шукаева А.В. | G9: =info!G3 -> 0.47916667 | H9: =info!H3 -> 0.54861111
B10: 3 | C10: =info!C6 -> Органическая химия | D10: =info!D4 -> Практ. | E10: =info!E19 -> Каф. | F10: =info!F7 -> Питерская Ю.Л. | G10: =info!G4 -> 0.58333333 | H10: =info!H4 -> 0.65277778
B11: 4 | C11: =info!C5 -> Основы экономики и менеджмента | D11: =info!D2 -> Лекц. | E11: =info!E22 -> 215 | F11: =info!F9 -> Козляева Е.В. | G11: =info!G5 -> 0.66666667 | H11: =info!H5 -> 0.73611111
B12: 5 | G12: =info!G6 -> 0.75 | H12: =info!H6 -> 0.81944444
A13: =info!B4 -> Среда | B13: 1 | C13: =info!C7 -> Математика | D13: =info!D2 -> Лекц. | E13: =info!E23 -> 7-401 | F13: =info!F5 -> Винник Т.В. | G13: =info!G2 -> 0.39583333 | H13: =info!H2 -> 0.46527778
B14: 2 | C14: =info!C8 -> Электротехника и промышленная электроника | D14: =info!D2 -> Лекц. | E14: =info!E30 -> 7-413 | F14: =info!F10 -> Тарасова Н.А. | G14: =info!G3 -> 0.47916667 | H14: =info!H3 -> 0.54861111
B15: 3 | C15: =info!C6 -> Органическая химия | D15: =info!D2 -> Лекц. | E15: =info!E5 -> БХА | F15: =info!F7 -> Питерская Ю.Л. | G15: =info!G4 -> 0.58333333 | H15: =info!H4 -> 0.65277778
B16: 4 | G16: =info!G5 -> 0.66666667 | H16: =info!H5 -> 0.73611111
B17: 5 | G17: =info!G6 -> 0.75 | H17: =info!H6 -> 0.81944444
A18: =info!B5 -> Четверг | B18: 1 | C18: =info!C3 -> Философия | D18: =info!D2 -> Лекц. | E18: =info!E26 -> 211 | F18: =info!F3 -> Быданов В.Е. | G18: =info!G2 -> 0.39583333 | H18: =info!H2 -> 0.46527778
B19: 2 | C19: =info!C9 -> Материаловедение | D19: =info!D3 -> Лаб. | E19: =info!E19 -> Каф. | F19: =info!F11 -> Сычев М.М. | G19: =info!G3 -> 0.47916667 | H19: =info!H3 -> 0.54861111
B20: 3 | C20: =info!C11 -> Физическая подготовка | D20: =info!D4 -> Практ. | E20: =info!E19 -> Каф. | F20: =info!F4 -> Неопределен | G20: =info!G4 -> 0.58333333 | H20: =info!H4 -> 0.65277778
B21: 4 | C21: =info!C10 -> Социология и психология | D21: =info!D4 -> Практ. | E21: =info!E27 -> 7-325 | F21: =info!F12 -> Барышникова Е.И. | G21: =info!G5 -> 0.66666667 | H21: =info!H5 -> 0.73611111
B22: 5 | G22: =info!G6 -> 0.75 | H22: =info!H6 -> 0.81944444
A23: =info!B6 -> Пятница | B23: 1 | C23: =info!C4 -> Иностранный язык | D23: =info!D4 -> Практ. | E23: =info!E19 -> Каф. | F23: =info!F13 -> Иванова П.О. | G23: =info!G2 -> 0.39583333 | H23: =info!H2 -> 0.46527778
B24: 2 | C24: =info!C11 -> Физическая подготовка | D24: =info!D4 -> Практ. | E24: =info!E19 -> Каф. | F24: =info!F4 -> Неопределен | G24: =info!G3 -> 0.47916667 | H24: =info!H3 -> 0.54861111
B25: 3 | C25: =info!C8 -> Электротехника и промышленная электроника | D25: =info!D3 -> Лаб. | E25: =info!E19 -> Каф. | F25: =info!F10 -> Тарасова Н.А. | G25: =info!G4 -> 0.58333333 | H25: =info!H4 -> 0.65277778
B26: 4 | C26: =info!C7 -> Математика | D26: =info!D4 -> Практ. | E26: =info!E28 -> 7-118 | F26: =info!F5 -> Винник Т.В. | G26: =info!G5 -> 0.66666667 | H26: =info!H5 -> 0.73611111
B27: 5 | G27: =info!G6 -> 0.75 | H27: =info!H6 -> 0.81944444

Sheet template-odd
A1: =info!A2 -> Нечётная неделя
B2: Пара | C2: Предмет | D2: Тип | E2: Аудитория | F2: Преподаватель | G2: Начало | H2: Конец
A3: =info!B2 -> Понедельник | B3: 1 | C3: =info!C6 -> Органическая химия | D3: =info!D3 -> Лаб. | E3: =info!E19 -> Каф. | F3: =info!F7 -> Питерская Ю.Л. | G3: =info!G2 -> 0.39583333 | H3: =info!H2 -> 0.46527778
B4: 2 | C4: =info!C6 -> Органическая химия | D4: =info!D3 -> Лаб. | E4: =info!E19 -> Каф. | F4: =info!F7 -> Питерская Ю.Л. | G4: =info!G3 -> 0.47916667 | H4: =info!H3 -> 0.54861111
B5: 3 | C5: =info!C3 -> Философия | D5: =info!D4 -> Практ. | E5: =info!E20 -> 357 | F5: =info!F3 -> Быданов В.Е. | G5: =info!G4 -> 0.58333333 | H5: =info!H4 -> 0.65277778
B6: 4 | G6: =info!G5 -> 0.66666667 | H6: =info!H5 -> 0.73611111
B7: 5 | G7: =info!G6 -> 0.75 | H7: =info!H6 -> 0.81944444
A8: =info!B3 -> Вторник | B8: 1 | C8: =info!C5 -> Основы экономики и менеджмента | D8: =info!D4 -> Практ. | E8: =info!E29 -> 7-320 | F8: =info!F6 -> Шукаева А.В. | G8: =info!G2 -> 0.39583333 | H8: =info!H2 -> 0.46527778
B9: 2 | C9: =info!C12 -> Прикладная механика | D9: =info!D2 -> Лекц. | E9: =info!E30 -> 7-413 | F9: =info!F14 -> Галуза Л.Н. | G9: =info!G3 -> 0.47916667 | H9: =info!H3 -> 0.54861111
B10: 3 | C10: =info!C6 -> Органическая химия | D10: =info!D4 -> Практ. | E10: =info!E19 -> Каф. | F10: =info!F7 -> Питерская Ю.Л. | G10: =info!G4 -> 0.58333333 | H10: =info!H4 -> 0.65277778
B11: 4 | C11: =info!C5 -> Основы экономики и менеджмента | D11: =info!D2 -> Лекц. | E11: =info!E22 -> 215 | F11: =info!F9 -> Козляева Е.В. | G11: =info!G5 -> 0.66666667 | H11: =info!H5 -> 0.73611111
B12: 5 | G12: =info!G6 -> 0.75 | H12: =info!H6 -> 0.81944444
A13: =info!B4 -> Среда | B13: 1 | C13: =info!C10 -> Социология и психология | D13: =info!D2 -> Лекц. | E13: =info!E31 -> 201 | F13: =info!F15 -> Васина О.В. | G13: =info!G2 -> 0.39583333 | H13: =info!H2 -> 0.46527778
B14: 2 | C14: =info!C11 -> Физическая подготовка | D14: =info!D4 -> Практ. | E14: =info!E19 -> Каф. | F14: =info!F4 -> Неопределен | G14: =info!G3 -> 0.47916667 | H14: =info!H3 -> 0.54861111
B15: 3 | C15: =info!C6 -> Органическая химия | D15: =info!D2 -> Лекц. | E15: =info!E25 -> БХА | F15: =info!F7 -> Питерская Ю.Л. | G15: =info!G4 -> 0.58333333 | H15: =info!H4 -> 0.65277778
B16: 4 | G16: =info!G5 -> 0.66666667 | H16: =info!H5 -> 0.73611111
B17: 5 | G17: =info!G6 -> 0.75 | H17: =info!H6 -> 0.81944444
A18: =info!B5 -> Четверг | B18: 1 | C18: =info!C9 -> Материаловедение | D18: =info!D2 -> Лекц. | E18: =info!E32 -> 301 | F18: =info!F16 -> Зеленина Е.В. | G18: =info!G2 -> 0.39583333 | H18: =info!H2 -> 0.46527778
B19: 2 | C19: =info!C9 -> Материаловедение | D19: =info!D3 -> Лаб. | E19: =info!E19 -> Каф. | F19: =info!F11 -> Сычев М.М. | G19: =info!G3 -> 0.47916667 | H19: =info!H3 -> 0.54861111
B20: 3 | C20: =info!C12 -> Прикладная механика | D20: =info!D4 -> Практ. | E20: =info!E19 -> Каф. | F20: =info!F17 -> Погребная Л.И. | G20: =info!G4 -> 0.58333333 | H20: =info!H4 -> 0.65277778
B21: 4 | C21: =info!C10 -> Социология и психология | D21: =info!D4 -> Практ. | E21: =info!E27 -> 7-325 | F21: =info!F12 -> Барышникова Е.И. | G21: =info!G5 -> 0.66666667 | H21: =info!H5 -> 0.73611111
B22: 5 | G22: =info!G6 -> 0.75 | H22: =info!H6 -> 0.81944444
A23: =info!B6 -> Пятница | B23: 1 | C23: =info!C4 -> Иностранный язык | D23: =info!D4 -> Практ. | E23: =info!E19 -> Каф. | F23: =info!F13 -> Иванова П.О. | G23: =info!G2 -> 0.39583333 | H23: =info!H2 -> 0.46527778
B24: 2 | C24: =info!C2 -> Введение в химическую технологию и основы научных исследований | D24: =info!D2 -> Лекц. | E24: =info!E34 -> 306 | F24: =info!F2 -> Захарова Н. В. | G24: =info!G3 -> 0.47916667 | H24: =info!H3 -> 0.54861111
B25: 3 | C25: =info!C8 -> Электротехника и промышленная электроника | D25: =info!D3 -> Лаб. | E25: =info!E19 -> Каф. | F25: =info!F10 -> Тарасова Н.А. | G25: =info!G4 -> 0.58333333 | H25: =info!H4 -> 0.65277778
B26: 4 | C26: =info!C7 -> Математика | D26: =info!D4 -> Практ. | E26: =info!E28 -> 7-118 | F26: =info!F5 -> Винник Т.В. | G26: =info!G5 -> 0.66666667 | H26: =info!H5 -> 0.73611111
B27: 5 | G27: =info!G6 -> 0.75 | H27: =info!H6 -> 0.81944444
